"Day","Post","Theme","Headline","Call to action","Target audience","Caption","Hashtags","Square poster","Vertical poster","Video","Video seconds","LinkedIn","Facebook","TikTok","YouTube"
"1","01","Prestige Tutelage company introduction","Skills that hold up at work.","prestigetutelage.co.za","HR directors, L&D managers, skills development facilitators and business owners in South Africa","Prestige Tutelage is an accredited training and workforce development company based in Ferndale, Randburg.  We work with employers across business, production, agriculture and community development — delivering accredited programmes and learnerships, short courses and corporate training, with our own assessment centre and learner administration behind every result.  One partner across analysis, delivery, assessment and reporting. A Level 1 B-BBEE contributor.  Have a look at what we do: prestigetutelage.co.za","#SkillsDevelopment #Learnerships #SouthAfrica #WorkforceDevelopment #Training","post-01-company-introduction-square.png","post-01-company-introduction-vertical.png","post-01-company-introduction.mp4","19.0","Manual","Metricool","Metricool","Metricool"
"2","02","Accredited workplace skills development","A certificate is only worth the work behind it.","prestigetutelage.co.za","Skills development facilitators, HR managers and quality/compliance leads","A qualification means something when the work behind it is real.  At Prestige Tutelage, every result is backed by planned assessment against agreed outcomes, independent moderation, controlled invigilation and properly managed evidence. Registrations, attendance and learner progress are tracked so the records stand up to scrutiny long after the certificate is handed over.  Administration is not paperwork. It is part of the quality.  Programme availability is subject to current registration and enrolment conditions.  prestigetutelage.co.za","#SkillsDevelopment #Accreditation #QualityAssurance #Learnerships #SouthAfrica","post-02-accredited-skills-development-square.png","post-02-accredited-skills-development-vertical.png","post-02-accredited-skills-development.mp4","19.0","Manual","Metricool","Metricool","Metricool"
"3","03","Production Technology programmes","Production Technology, NQF 2 to NQF 4.","prestigetutelage.co.za","Manufacturing operations managers, plant HR, production supervisors and skills development facilitators in industry","Production Technology at NQF 2, 3 and 4 — a structured route for the people who run the line.  NQF 2 (SAQA ID 58781) builds foundational technical and operational discipline for entry-level production staff. NQF 3 (SAQA ID 58785) consolidates technical competence on the line. NQF 4 (SAQA ID 58779) supports experienced staff moving toward technical and leading-hand responsibility.  Alongside these, we design customised technical interventions around a plant's own equipment, standards and problems — machine operation, first-line maintenance, 5S, root-cause analysis and quality awareness.  Production Technology delivery and learner registration are subject to confirmation of the applicable current accreditation, registration and enrolment route.  prestigetutelage.co.za","#Manufacturing #ProductionTechnology #SkillsDevelopment #NQF #SouthAfrica","post-03-production-technology-square.png","post-03-production-technology-vertical.png","post-03-production-technology.mp4","18.8","Manual","Metricool","Metricool","Metricool"
"4","04","Project Management NQF Level 5","Project Manager, NQF Level 5.","prestigetutelage.co.za","L&D managers, operations managers and employees moving into project roles","Project Manager — an occupational qualification at NQF Level 5, 240 credits (SAQA ID 101869).  It is built for project coordinators, team leaders, administrators and employees progressing into project-management responsibilities: the people already holding projects together who need the formal grounding to match.  Delivered on-site, off-site or as a cohort programme, with learner administration and assessment handled end to end.  Programme availability is subject to current registration and enrolment conditions.  prestigetutelage.co.za","#ProjectManagement #NQF5 #SkillsDevelopment #ProfessionalDevelopment #SouthAfrica","post-04-project-management-nqf5-square.png","post-04-project-management-nqf5-vertical.png","post-04-project-management-nqf5.mp4","19.0","Manual","Metricool","Metricool","Metricool"
"5","05","Office Supervisor NQF Level 5","Office Supervisor, NQF Level 5.","prestigetutelage.co.za","HR managers, office managers and senior administrators","Office Supervisor — an occupational qualification at NQF Level 5, 240 credits (SAQA ID 118740).  It is designed for office coordinators and senior administrators who supervise administrative teams and office operations — the role where good admin becomes real supervision, and where most people are promoted into responsibility without ever being trained for it.  Programme availability is subject to current registration and enrolment conditions.  prestigetutelage.co.za","#OfficeSupervisor #NQF5 #SkillsDevelopment #Administration #SouthAfrica","post-05-office-supervisor-nqf5-square.png","post-05-office-supervisor-nqf5-vertical.png","post-05-office-supervisor-nqf5.mp4","19.0","Manual","Metricool","Metricool","Metricool"
"6","06","Human Resources programmes","Two levels of HR qualification.","prestigetutelage.co.za","HR directors, HR managers and HR administrators building an internal pipeline","Two levels of HR qualification, and a clear route between them.  Human Resource Management Administrator sits at NQF Level 5, 120 credits (SAQA ID 121150) — a formal foundation for HR administrators and assistants building their grounding in human resource practice and people administration.  Human Resource Management Officer sits at NQF Level 6, 134 credits (SAQA ID 121151) — for HR officers and practitioners progressing into broader generalist and advisory responsibilities.  It is a practical way to build an HR pipeline inside the business rather than recruiting for it every time.  Programme availability is subject to current registration and enrolment conditions.  prestigetutelage.co.za","#HumanResources #HRDevelopment #NQF #SkillsDevelopment #SouthAfrica","post-06-human-resources-square.png","post-06-human-resources-vertical.png","post-06-human-resources.mp4","18.6","Manual","Metricool","Metricool","Metricool"
"7","07","Marketing Coordinator NQF Level 5","Marketing Coordinator, NQF Level 5.","prestigetutelage.co.za","Marketing managers, HR managers and marketing assistants","Marketing Coordinator — an occupational qualification at NQF Level 5, 175 credits (SAQA ID 118706).  It is aimed at marketing assistants and coordinators responsible for campaign coordination, customer insight and marketing administration — the practical, organising side of marketing that keeps campaigns running properly.  Programme availability is subject to current registration and enrolment conditions.  prestigetutelage.co.za","#Marketing #NQF5 #SkillsDevelopment #ProfessionalDevelopment #SouthAfrica","post-07-marketing-coordinator-nqf5-square.png","post-07-marketing-coordinator-nqf5-vertical.png","post-07-marketing-coordinator-nqf5.mp4","19.0","Manual","Metricool","Metricool","Metricool"
"8","08","Early Childhood Development","Early Childhood Development.","prestigetutelage.co.za","ECD centre owners, community development programmes, CSI leads and ECD practitioners","Early Childhood Development Practitioner — an occupational qualification at NQF Level 4, 131 credits (SAQA ID 97542).  It supports ECD practitioners, assistants and community-based educators working with young children's learning, care and development — often people who have been doing the work for years without a formal qualification behind them.  For centres, community programmes and CSI initiatives, it is a direct way to formalise practice and strengthen the people already doing the job.  Programme availability is subject to current registration and enrolment conditions.  prestigetutelage.co.za","#EarlyChildhoodDevelopment #ECD #SkillsDevelopment #CommunityDevelopment #SouthAfrica","post-08-early-childhood-development-square.png","post-08-early-childhood-development-vertical.png","post-08-early-childhood-development.mp4","19.0","Manual","Metricool","Metricool","Metricool"
"9","09","Learnership opportunities for unemployed youth","A structured route from no experience to a real qualification.","prestigetutelage.co.za","Employers running youth programmes, CSI leads, community organisations and unemployed young people","What a learnership actually is, in plain terms.  It is a structured, work-based route to a registered qualification. Classroom learning is combined with real workplace experience, under a formal agreement between the learner, the employer and the training provider.  An 18.2 learnership creates that structure for unemployed learners — proper learning, proper workplace exposure, and human support that keeps people engaged and progressing rather than dropping out halfway.  For employers, Prestige carries the load: learner sourcing, screening, onboarding, learning agreements, induction, delivery, workplace coordination, attendance, assessments, monitoring and reporting.  Learner eligibility, programme availability and enrolment conditions apply.  prestigetutelage.co.za","#Learnerships #YouthEmployment #SkillsDevelopment #YouthDevelopment #SouthAfrica","post-09-youth-learnerships-square.png","post-09-youth-learnerships-vertical.png","post-09-youth-learnerships.mp4","19.2","Manual","Metricool","Metricool","Metricool"
"10","10","Employer B-BBEE and skills-development value","Level 1 B-BBEE.","prestigetutelage.co.za","Procurement teams, executives, transformation managers and skills development facilitators","Prestige Tutelage is a Level 1 B-BBEE contributor.  Procurement from Prestige supports clients' own scorecards, and our programmes can support the skills development element of B-BBEE planning.  Beyond delivery, we help structure the work: skills gap analysis, training needs analysis, consulting on pathways, evidence and implementation, and the clean learner data and reporting that skills planning cycles depend on.  To be clear about scope — Prestige is a training provider and skills development consultancy, not a B-BBEE verification agency. Learnerships may contribute to an organisation's broader skills-development and transformation objectives, subject to applicable legislation, codes and programme requirements.  prestigetutelage.co.za","#BBBEE #SkillsDevelopment #Transformation #Procurement #SouthAfrica","post-10-bbbee-employer-value-square.png","post-10-bbbee-employer-value-vertical.png","post-10-bbbee-employer-value.mp4","19.6","Manual","Metricool","Metricool","Metricool"
"11","11","End-to-end learner and employer support","One partner, from the first gap analysis to the final report.","prestigetutelage.co.za","HR directors, L&D managers, operations managers and executives","Five steps, one accountable partner.  Understand — your objectives, operations, people and constraints. Diagnose — skills gap and training needs analysis grounded in the actual work. Design — the right mix of qualifications, learnerships, short courses and workplace learning. Deliver — facilitation, logistics and learner administration handled end to end. Measure — progress, completion and workplace application reported clearly.  That means one partner across accredited programmes, learnerships, short courses, workplace training, assessment and learner administration, instead of a different provider for every piece.  prestigetutelage.co.za","#WorkforceDevelopment #LearningAndDevelopment #SkillsDevelopment #CorporateTraining #SouthAfrica","post-11-end-to-end-support-square.png","post-11-end-to-end-support-vertical.png","post-11-end-to-end-support.mp4","19.6","Manual","Metricool","Metricool","Metricool"
"12","12","Book a training consultation","Let's scope the training properly, before anyone commits budget.","prestigetutelage.co.za","HR directors, L&D managers, skills development facilitators, operations managers and business owners","If training is on the plan for the year, the useful first step is a proper conversation.  We start with your business — the roles, the real gaps, the operational constraints and the budget reality — and come back with a structured proposal rather than a course list.  prestigetutelage.co.za info@prestigetutelage.co.za 010 065 0822 64 Hill Street, Ferndale, Randburg  Happy to talk it through whenever it suits you.","#SkillsDevelopment #CorporateTraining #Learnerships #WorkforceDevelopment #SouthAfrica","post-12-book-a-consultation-square.png","post-12-book-a-consultation-vertical.png","post-12-book-a-consultation.mp4","19.8","Manual","Metricool","Metricool","Metricool"
"13","13","Friday message to learners and employers","One week closer.","prestigetutelage.co.za","Learners on programme, alumni, and the employers and skills development facilitators who host them","One week closer.  To every learner who showed up this week — for the module that was hard, the early start, the long commute — progress is rarely dramatic. It looks like showing up, week after week.  And to the employers backing them: thank you for making the room.  Have a good weekend.  prestigetutelage.co.za","#SkillsDevelopment #Learnerships #SouthAfrica #WorkforceDevelopment #FridayThoughts","post-13-friday-message-square.png","post-13-friday-message-vertical.png","post-13-friday-message.mp4","18.2","Manual","Metricool","Metricool","Metricool"
