"Post","Kind","File","Path","Width","Height","Duration (s)","Bytes","SHA-256"
"01","square","post-01-company-introduction-square.png","public/social-posts/posters/square/post-01-company-introduction-square.png","1080","1080","","596026","38c09ec4666b5bd57b9b2901665bd550405ae78a7611d11b13c1ea7947089b8e"
"01","vertical","post-01-company-introduction-vertical.png","public/social-posts/posters/vertical/post-01-company-introduction-vertical.png","1080","1920","","1084414","78dea009aa0a609dc8ebb374ef7500fc0b2ad732d13188a9d9558a0672df71c9"
"01","video","post-01-company-introduction.mp4","public/social-posts/videos/post-01-company-introduction.mp4","1080","1920","19.0","911557","45adde66449e8df8477f8fe8f38ce54b9387c7cbc320dfc014308b0bc1c9ef55"
"02","square","post-02-accredited-skills-development-square.png","public/social-posts/posters/square/post-02-accredited-skills-development-square.png","1080","1080","","583383","f4158471319bd2635775f30723fffe89fe207570be54dea7e95140f54613d649"
"02","vertical","post-02-accredited-skills-development-vertical.png","public/social-posts/posters/vertical/post-02-accredited-skills-development-vertical.png","1080","1920","","1260833","64e63bafadec38876f0a482348110ba9bf89663b2ca5371bedbe6b6ed25c4bcf"
"02","video","post-02-accredited-skills-development.mp4","public/social-posts/videos/post-02-accredited-skills-development.mp4","1080","1920","19.0","1015009","f6fc9959a0186b011b62068f224f3e914947c34ff6209a3bba50decbb06b540f"
"03","square","post-03-production-technology-square.png","public/social-posts/posters/square/post-03-production-technology-square.png","1080","1080","","189447","7c7ee9cb4dc24acdccce9cdb392c2dc354328e8fd370d54a42b6700ab97e233a"
"03","vertical","post-03-production-technology-vertical.png","public/social-posts/posters/vertical/post-03-production-technology-vertical.png","1080","1920","","343396","4b4e1c9b4cefb25d5db36a891b969a7c392690c86cc4d504306c246d254b7649"
"03","video","post-03-production-technology.mp4","public/social-posts/videos/post-03-production-technology.mp4","1080","1920","18.8","987098","c8853e336bf38b7fce9c6e9ad8d0cb06dc9c0ffefdfea745fdee37e7cefc6421"
"04","square","post-04-project-management-nqf5-square.png","public/social-posts/posters/square/post-04-project-management-nqf5-square.png","1080","1080","","547091","3eb6ff93231d879f3bcf6c8559ef6cfbb4a2bef3206b353bf1706f3a88a8405a"
"04","vertical","post-04-project-management-nqf5-vertical.png","public/social-posts/posters/vertical/post-04-project-management-nqf5-vertical.png","1080","1920","","933718","793ece136bda1e929a1d99ad757f611a6f8d0871d6a6b7eb0a0c7b9c0d3d32bf"
"04","video","post-04-project-management-nqf5.mp4","public/social-posts/videos/post-04-project-management-nqf5.mp4","1080","1920","19.0","974388","0b901a5ed8d1cec426682c16ffd80f5c6f96d15c757c742b6794cc2c03892c63"
"05","square","post-05-office-supervisor-nqf5-square.png","public/social-posts/posters/square/post-05-office-supervisor-nqf5-square.png","1080","1080","","161507","66f49046d90fdc64f03420977e65247471708c3065dcabba9f01d9646d0af430"
"05","vertical","post-05-office-supervisor-nqf5-vertical.png","public/social-posts/posters/vertical/post-05-office-supervisor-nqf5-vertical.png","1080","1920","","300978","f669022a28dd26108fb3a519f1f0bf8f83167b35ba313181576a2e873fdf25a9"
"05","video","post-05-office-supervisor-nqf5.mp4","public/social-posts/videos/post-05-office-supervisor-nqf5.mp4","1080","1920","19.0","965269","17d342f06b364e5d1653c1789536f9543f2a0fed3a17db29846a228873601080"
"06","square","post-06-human-resources-square.png","public/social-posts/posters/square/post-06-human-resources-square.png","1080","1080","","517923","7df8539745da469289510298d18653fd8a159b4eb0ccaa5972c3c90d9ad85c34"
"06","vertical","post-06-human-resources-vertical.png","public/social-posts/posters/vertical/post-06-human-resources-vertical.png","1080","1920","","966469","7b4b67f8adc689866deee74558112913fe87f7aa79e793ea94c29e8cc04f544e"
"06","video","post-06-human-resources.mp4","public/social-posts/videos/post-06-human-resources.mp4","1080","1920","18.6","970134","6043125f165dfac25cee1bb2a4d7743f697eb0a914fa579c01e9823bd34974b3"
"07","square","post-07-marketing-coordinator-nqf5-square.png","public/social-posts/posters/square/post-07-marketing-coordinator-nqf5-square.png","1080","1080","","468535","fdaa82b1614ad7bdd603af077da7531a7dfb534bca59bac72674a61d0b6f294f"
"07","vertical","post-07-marketing-coordinator-nqf5-vertical.png","public/social-posts/posters/vertical/post-07-marketing-coordinator-nqf5-vertical.png","1080","1920","","869454","69a0ab1a1c5ba135f89c758993270484d3e7fdd8ba5706488abcee0532645623"
"07","video","post-07-marketing-coordinator-nqf5.mp4","public/social-posts/videos/post-07-marketing-coordinator-nqf5.mp4","1080","1920","19.0","952787","4ca05193d4d8e9b4d3be3f4f1da7e1f04b4fc26081d518132ae3903323402724"
"08","square","post-08-early-childhood-development-square.png","public/social-posts/posters/square/post-08-early-childhood-development-square.png","1080","1080","","563232","dc6f198236078e2f1be481280fd9e5429e586194c7113f693cefcf2e83bc1f08"
"08","vertical","post-08-early-childhood-development-vertical.png","public/social-posts/posters/vertical/post-08-early-childhood-development-vertical.png","1080","1920","","1051846","5e359164cf58ac4cc5576928825b4b297d0b8dc835e53ca9b118ae95f7227160"
"08","video","post-08-early-childhood-development.mp4","public/social-posts/videos/post-08-early-childhood-development.mp4","1080","1920","19.0","1457629","8df96ee95fa4a3c09a55c89d6ce63330a73a343b871916b3adb1df9e826339b9"
"09","square","post-09-youth-learnerships-square.png","public/social-posts/posters/square/post-09-youth-learnerships-square.png","1080","1080","","539465","fea34ffaf964586a660cb8001f41f985dc8ed0f27f383e486a1bb364f49de581"
"09","vertical","post-09-youth-learnerships-vertical.png","public/social-posts/posters/vertical/post-09-youth-learnerships-vertical.png","1080","1920","","1068103","e9ceedbadf95208cc6b7eea3f15a43a3b1ae41afaca93fd93014b40ac5cd6b26"
"09","video","post-09-youth-learnerships.mp4","public/social-posts/videos/post-09-youth-learnerships.mp4","1080","1920","19.2","1420729","b3972436ab98b95e94b5a5b77941a6fc7e3eb8beb613d64188a64ad6fe818f76"
"10","square","post-10-bbbee-employer-value-square.png","public/social-posts/posters/square/post-10-bbbee-employer-value-square.png","1080","1080","","694512","8a0fcaaff5283699e8e02c9f15fd6faee53240f1c3c5e6b42806b7292e9091e9"
"10","vertical","post-10-bbbee-employer-value-vertical.png","public/social-posts/posters/vertical/post-10-bbbee-employer-value-vertical.png","1080","1920","","1453218","5e55baf41e8645ab87f80c0f0eb6b2e80e0fdb975f65fa824c755ab44665e37d"
"10","video","post-10-bbbee-employer-value.mp4","public/social-posts/videos/post-10-bbbee-employer-value.mp4","1080","1920","19.6","1068311","48fa1fe86be8e97cc654073f82a66262c1509ebcf316149fdd9733132cb46657"
"11","square","post-11-end-to-end-support-square.png","public/social-posts/posters/square/post-11-end-to-end-support-square.png","1080","1080","","593735","1fd81f094947083edade655522fae20354faaa050c865ebcc899915a0e40e5f9"
"11","vertical","post-11-end-to-end-support-vertical.png","public/social-posts/posters/vertical/post-11-end-to-end-support-vertical.png","1080","1920","","1174899","f9d0372db1c665d921406355fe06a03764189c80c4836a9599ea084319b29404"
"11","video","post-11-end-to-end-support.mp4","public/social-posts/videos/post-11-end-to-end-support.mp4","1080","1920","19.6","962417","a9192c6dc980c90bb54881209bea73d18345ea2f03ac68cf6445ca4a6abd93a6"
"12","square","post-12-book-a-consultation-square.png","public/social-posts/posters/square/post-12-book-a-consultation-square.png","1080","1080","","452788","d9221c9df7275251ba9c9dcdcfb628742a156ecb4231f9d8a60c55a9075e0987"
"12","vertical","post-12-book-a-consultation-vertical.png","public/social-posts/posters/vertical/post-12-book-a-consultation-vertical.png","1080","1920","","1033684","7c43ef17007bd5e7b8c9901a501a4a4d64c6e4939c0766979a071df6e63a614c"
"12","video","post-12-book-a-consultation.mp4","public/social-posts/videos/post-12-book-a-consultation.mp4","1080","1920","19.8","1051941","9f3c3e796a5377f93798dd78ca63d9916e13b9d4607c6f1baa3833313b53b470"
"13","square","post-13-friday-message-square.png","public/social-posts/posters/square/post-13-friday-message-square.png","1080","1080","","762842","c821a5eab95ce8a2847df2455a96133eda5e3f93f2c26c7d5387f8afdd01ef4c"
"13","vertical","post-13-friday-message-vertical.png","public/social-posts/posters/vertical/post-13-friday-message-vertical.png","1080","1920","","1487122","24cbc5e71ca1d1fcd228f1aa2ec4c3564adb01c13376dd97e754d6ed01f8c6aa"
"13","video","post-13-friday-message.mp4","public/social-posts/videos/post-13-friday-message.mp4","1080","1920","18.2","1403427","5b0ba55a5f5b81527f8cfe5b091cc37ebc92b36a3a6e3451efdd66c1970f93ef"
